question_id,skill_name,question_text,reference_answer,keywords,difficulty_level
1,JavaScript,What is the difference between == and === in JavaScript?,"== performs type coercion before comparing values, so values of different types can be considered equal after conversion. === compares both value and type without any coercion, making it the safer, more predictable default for equality checks.","[{""term"": ""loose equality"", ""tier"": ""critical"", ""aliases"": [""double equals"", ""abstract equality""]}, {""term"": ""strict equality"", ""tier"": ""critical"", ""aliases"": [""triple equals"", ""strict comparison""]}, {""term"": ""type coercion"", ""tier"": ""supporting"", ""aliases"": [""coercion"", ""implicit conversion"", ""type conversion""]}, {""term"": ""strict mode"", ""tier"": ""supporting"", ""aliases"": []}, {""term"": ""NaN comparison"", ""tier"": ""supporting"", ""aliases"": [""nan check""]}]",0.1
2,JavaScript,"What is the difference between let, const, and var?","var is function-scoped and hoisted to the top of its scope with an initial value of undefined. let and const are block-scoped and sit in the temporal dead zone until their declaration is reached, so referencing them earlier throws an error. const cannot be reassigned after its initial value is set, whereas the same variable declared with the other keyword can be reassigned freely.","[{""term"": ""scope"", ""tier"": ""supporting"", ""aliases"": [""scoping""]}, {""term"": ""hoisting"", ""tier"": ""supporting"", ""aliases"": [""hoisted""]}, {""term"": ""temporal dead zone"", ""tier"": ""supporting"", ""aliases"": [""tdz""]}, {""term"": ""reassignment"", ""tier"": ""supporting"", ""aliases"": []}, {""term"": ""redeclaration"", ""tier"": ""supporting"", ""aliases"": [""re-declaring a variable""]}]",0.15
3,JavaScript,What is a template literal and how is it different from string concatenation?,A template literal uses backticks with ${} to interpolate expressions directly into a string and supports multiline strings without any special characters. The + operator instead requires manually joining each piece and inserting newline characters explicitly.,"[{""term"": ""string interpolation"", ""tier"": ""critical"", ""aliases"": [""interpolation""]}, {""term"": ""backticks"", ""tier"": ""supporting"", ""aliases"": [""backtick syntax""]}, {""term"": ""multiline string"", ""tier"": ""supporting"", ""aliases"": []}, {""term"": ""tagged template"", ""tier"": ""supporting"", ""aliases"": [""tagged templates""]}]",0.2
4,JavaScript,What is the difference between null and undefined?,"undefined means a variable has been declared but never assigned a value, or that a function returned nothing. null is an explicit assignment representing an intentional absence of a value. A well-known quirk is that typeof on the latter incorrectly returns 'object'.","[{""term"": ""typeof"", ""tier"": ""supporting"", ""aliases"": [""type check""]}, {""term"": ""falsy value"", ""tier"": ""supporting"", ""aliases"": []}, {""term"": ""loose equality with null"", ""tier"": ""supporting"", ""aliases"": []}]",0.25
5,JavaScript,What are arrow functions and how do they differ from regular functions in terms of this binding?,"Arrow functions don't have their own this; they inherit it lexically from the enclosing scope at the time they're defined, rather than from how they're called. They also lack their own arguments object, so referencing arguments inside one refers to the enclosing function's arguments.","[{""term"": ""lexical scope"", ""tier"": ""supporting"", ""aliases"": [""lexical scoping"", ""enclosing scope""]}, {""term"": ""arguments object"", ""tier"": ""supporting"", ""aliases"": []}, {""term"": ""implicit return"", ""tier"": ""supporting"", ""aliases"": [""concise body""]}]",0.3
6,JavaScript,Explain how closures work in JavaScript.,"A closure is a function that retains access to variables from its enclosing scope even after that outer function has finished executing, because the inner function keeps a reference to its lexical environment rather than a snapshot of the values. A classic example is a counter: an outer function initializes a count variable and returns an inner function that increments and reads it, and each call still has access to that same private variable.","[{""term"": ""lexical scope"", ""tier"": ""critical"", ""aliases"": [""lexical scoping"", ""enclosing scope""]}, {""term"": ""scope chain"", ""tier"": ""supporting"", ""aliases"": [""chain of scopes""]}, {""term"": ""inner function"", ""tier"": ""supporting"", ""aliases"": [""nested function""]}, {""term"": ""counter function example"", ""tier"": ""supporting"", ""aliases"": []}, {""term"": ""private variables"", ""tier"": ""supporting"", ""aliases"": [""encapsulation""]}]",0.4
7,JavaScript,"What is the difference between synchronous and asynchronous code, and how do promises help manage it?","Synchronous execution runs line by line, blocking further work until each statement finishes. Asynchronous execution lets other work continue while an operation, like a network request, completes in the background. A promise represents the eventual result of such an operation, settling as either resolved or rejected, and its then/catch handlers let you react once it settles.","[{""term"": ""then"", ""tier"": ""supporting"", ""aliases"": [""then method"", ""then callback""]}, {""term"": ""catch"", ""tier"": ""supporting"", ""aliases"": [""catch method"", ""error handler""]}, {""term"": ""callback function"", ""tier"": ""supporting"", ""aliases"": []}, {""term"": ""unhandled rejection"", ""tier"": ""supporting"", ""aliases"": []}]",0.45
8,JavaScript,What is the event loop and how does it handle asynchronous code?,"The call stack runs synchronous code. When an async operation completes, its callback is placed on either the microtask queue (for promises) or the macrotask queue (for things like timers). Once the call stack is empty, the loop first drains the entire microtask queue, then takes a single task from the macrotask queue, repeating this cycle - which is why promise callbacks generally run before timer callbacks.","[{""term"": ""call stack"", ""tier"": ""critical"", ""aliases"": [""stack frame"", ""execution stack""]}, {""term"": ""microtask"", ""tier"": ""critical"", ""aliases"": [""microtask queue"", ""job queue""]}, {""term"": ""macrotask"", ""tier"": ""supporting"", ""aliases"": [""macrotask queue"", ""task queue""]}, {""term"": ""callback queue"", ""tier"": ""supporting"", ""aliases"": [""task queue"", ""message queue""]}, {""term"": ""non-blocking"", ""tier"": ""supporting"", ""aliases"": []}, {""term"": ""setTimeout"", ""tier"": ""supporting"", ""aliases"": [""timer callback""]}]",0.5
9,JavaScript,"Explain the difference between call, apply, and bind.","All three explicitly set what this refers to inside a function. The first invokes the function immediately, passing arguments individually; the second also invokes immediately but takes arguments as an array; the third doesn't invoke the function at all - it returns a new function with this permanently bound, which can be called later.","[{""term"": ""this"", ""tier"": ""supporting"", ""aliases"": [""this keyword"", ""this context""]}, {""term"": ""function borrowing"", ""tier"": ""supporting"", ""aliases"": []}, {""term"": ""partial application"", ""tier"": ""supporting"", ""aliases"": [""currying""]}]",0.55
10,JavaScript,What is destructuring in JavaScript and how does it work with objects and arrays?,"Destructuring unpacks values from arrays or properties from objects directly into variables in a single statement. It supports renaming variables, assigning default values when a property is missing or undefined, and can be nested to pull values out of deeply structured objects or arrays.","[{""term"": ""default values"", ""tier"": ""supporting"", ""aliases"": [""default parameters"", ""default value""]}, {""term"": ""nested destructuring"", ""tier"": ""supporting"", ""aliases"": []}, {""term"": ""rest pattern"", ""tier"": ""supporting"", ""aliases"": [""rest operator""]}]",0.6
11,JavaScript,Explain prototypal inheritance and how it differs from classical inheritance.,"Objects inherit directly from other objects through the prototype chain, rather than from a class blueprint as in classical inheritance. Object.create() lets you create an object with a specified prototype, and __proto__ exposes that link. Class syntax is really just sugar layered on top of this same prototype-based mechanism.","[{""term"": ""prototype"", ""tier"": ""critical"", ""aliases"": [""prototype object""]}, {""term"": ""prototype chain"", ""tier"": ""critical"", ""aliases"": [""chain of prototypes""]}, {""term"": ""Object.create"", ""tier"": ""supporting"", ""aliases"": [""object dot create""]}, {""term"": ""class syntax"", ""tier"": ""supporting"", ""aliases"": [""es6 class"", ""class keyword""]}, {""term"": ""constructor function"", ""tier"": ""supporting"", ""aliases"": []}]",0.7
12,JavaScript,"How does JavaScript's garbage collection work, and what causes memory leaks in a long-running app?","Garbage collection primarily uses the mark-and-sweep algorithm: it marks every object reachable from root references, like global variables, and sweeps away anything unreachable. Leaks in long-running apps commonly come from closures that unintentionally hold onto large objects or DOM nodes, timers that are never cleared, and listeners that are attached but never removed.","[{""term"": ""mark and sweep"", ""tier"": ""critical"", ""aliases"": [""mark-and-sweep algorithm""]}, {""term"": ""reachability"", ""tier"": ""supporting"", ""aliases"": [""reachable objects""]}, {""term"": ""event listener"", ""tier"": ""supporting"", ""aliases"": []}, {""term"": ""reference counting"", ""tier"": ""supporting"", ""aliases"": []}]",0.8
13,JavaScript,Explain how async/await is implemented under the hood using generators and promises.,"An async function always returns a promise, even if you return a plain value inside it. The await keyword pauses that function's execution until the awaited promise settles, without blocking the rest of the program. Conceptually this resembles a generator that yields promises one at a time, with an internal runner resuming it each time a yielded promise resolves.","[{""term"": ""coroutine"", ""tier"": ""supporting"", ""aliases"": [""coroutines""]}, {""term"": ""yield keyword"", ""tier"": ""supporting"", ""aliases"": []}, {""term"": ""microtask queue"", ""tier"": ""supporting"", ""aliases"": [""job queue""]}]",0.85
14,JavaScript,"How would you implement a debounce function from scratch, and what are its tradeoffs vs throttling?","A debounced function wraps a callback in setTimeout, clearing and resetting that timer on every call so the callback only fires once input has stopped for a set delay. Throttling instead caps execution to run at most once per fixed interval no matter how often it's triggered. The former fits something like search-as-you-type, where you want to wait for a pause, while the latter fits high-frequency events like scroll or resize, where you want steady, capped updates.","[{""term"": ""throttle"", ""tier"": ""critical"", ""aliases"": []}, {""term"": ""setTimeout"", ""tier"": ""critical"", ""aliases"": [""set timeout""]}, {""term"": ""clearTimeout"", ""tier"": ""supporting"", ""aliases"": [""clear timeout""]}, {""term"": ""rate limiting"", ""tier"": ""supporting"", ""aliases"": [""rate limit""]}, {""term"": ""search input use case"", ""tier"": ""supporting"", ""aliases"": []}, {""term"": ""leading edge"", ""tier"": ""supporting"", ""aliases"": [""trailing edge"", ""immediate invocation""]}]",0.9
15,JavaScript,"Design a custom implementation of Promise.all from scratch, handling rejection and ordering correctly.","A custom implementation tracks how many of the input promises have resolved and stores each result at its original array index, not the order in which it resolves, so ordering is preserved. If any promise rejects, the whole thing rejects immediately with that reason. It resolves only once every promise has settled successfully, returning the array of results.","[{""term"": ""concurrency"", ""tier"": ""critical"", ""aliases"": [""concurrent execution""]}, {""term"": ""rejection handling"", ""tier"": ""supporting"", ""aliases"": [""catch rejection""]}, {""term"": ""settled promise"", ""tier"": ""supporting"", ""aliases"": []}, {""term"": ""Promise.allSettled"", ""tier"": ""supporting"", ""aliases"": []}]",1.0
16,React,What is a React component?,"It's a reusable, self-contained piece of UI, written as a function (or, less commonly now, a class), that returns JSX describing what should be rendered on the screen.","[{""term"": ""JSX"", ""tier"": ""critical"", ""aliases"": [""jsx syntax""]}, {""term"": ""function component"", ""tier"": ""supporting"", ""aliases"": [""functional component""]}, {""term"": ""class component"", ""tier"": ""supporting"", ""aliases"": [""class-based component""]}, {""term"": ""reusable ui"", ""tier"": ""supporting"", ""aliases"": []}, {""term"": ""render output"", ""tier"": ""supporting"", ""aliases"": []}]",0.1
17,React,What is JSX and why is it used in React?,"It's a syntax extension that lets you write HTML-like markup directly inside JavaScript. It gets transpiled, usually by Babel, into React.createElement() calls under the hood, which makes component structure far easier to read and write than nested createElement calls would be.","[{""term"": ""Babel"", ""tier"": ""critical"", ""aliases"": [""babel transpiler""]}, {""term"": ""React.createElement"", ""tier"": ""supporting"", ""aliases"": [""createelement""]}, {""term"": ""transpile"", ""tier"": ""supporting"", ""aliases"": [""transpilation"", ""compiled down""]}, {""term"": ""declarative ui"", ""tier"": ""supporting"", ""aliases"": []}, {""term"": ""expression embedding"", ""tier"": ""supporting"", ""aliases"": [""curly braces""]}]",0.15
18,React,How do you pass data from a parent component to a child component?,"Data is passed from parent to child via props, written as attributes on the JSX element in the parent. The child receives them as a single object - either as a function argument in function components or through this.props in class components.","[{""term"": ""props"", ""tier"": ""critical"", ""aliases"": [""properties""]}, {""term"": ""data flow"", ""tier"": ""supporting"", ""aliases"": [""one-way data flow"", ""unidirectional data flow""]}, {""term"": ""one-way binding"", ""tier"": ""supporting"", ""aliases"": []}, {""term"": ""callback prop"", ""tier"": ""supporting"", ""aliases"": [""function as prop""]}]",0.2
19,React,What is the purpose of keys when rendering lists in React?,"They help React identify which items in a list were added, removed, or changed during reconciliation, so updates can be applied efficiently instead of re-rendering everything. They should be stable, unique identifiers tied to the underlying data, such as an id field, rather than the array position, especially once the list can be reordered or filtered - using position can cause state to get mismatched between items.","[{""term"": ""list rendering"", ""tier"": ""critical"", ""aliases"": [""mapping lists""]}, {""term"": ""reconciliation"", ""tier"": ""supporting"", ""aliases"": [""diffing process"", ""reconciler""]}, {""term"": ""stable identifier"", ""tier"": ""supporting"", ""aliases"": []}, {""term"": ""array index as key"", ""tier"": ""supporting"", ""aliases"": []}]",0.25
20,React,What is conditional rendering in React and how can it be implemented?,"Different UI is shown depending on the current state or props. Common approaches include a ternary operator for either/or cases, short-circuit && expressions when you only want to render something or nothing, and early returns from the component function for larger conditional blocks.","[{""term"": ""ternary"", ""tier"": ""critical"", ""aliases"": [""ternary operator""]}, {""term"": ""short circuit"", ""tier"": ""supporting"", ""aliases"": [""short-circuit evaluation"", ""&&""]}, {""term"": ""early return"", ""tier"": ""supporting"", ""aliases"": []}, {""term"": ""logical OR fallback"", ""tier"": ""supporting"", ""aliases"": []}]",0.3
21,React,Explain the difference between props and state.,"One is read-only data passed down from a parent and cannot be modified by the child receiving it. The other is data owned and managed internally by a component, can change over time, and triggers a re-render whenever it's updated.","[{""term"": ""read-only"", ""tier"": ""supporting"", ""aliases"": [""immutable"", ""cannot be modified""]}, {""term"": ""re-render"", ""tier"": ""supporting"", ""aliases"": [""rerender"", ""re-rendering""]}, {""term"": ""single source of truth"", ""tier"": ""supporting"", ""aliases"": []}, {""term"": ""useState"", ""tier"": ""supporting"", ""aliases"": [""setState""]}]",0.4
22,React,What is lifting state up in React and when would you use it?,"It means moving state from a child up to its closest common ancestor so multiple sibling components can share and stay in sync with the same data. The ancestor then passes the state, and functions to update it, back down as props to whichever children need them.","[{""term"": ""shared state"", ""tier"": ""critical"", ""aliases"": [""common state""]}, {""term"": ""common ancestor"", ""tier"": ""supporting"", ""aliases"": [""shared parent"", ""closest parent""]}, {""term"": ""prop passing"", ""tier"": ""supporting"", ""aliases"": []}, {""term"": ""callback function prop"", ""tier"": ""supporting"", ""aliases"": []}]",0.45
23,React,How does the useEffect hook work and when would you use dependency arrays?,"It runs a side effect after the component renders. The dependency array controls when it runs again: an empty array means it runs once after the initial mount, omitting the array means it runs after every render, and listing specific values means it re-runs only when those values change. Returning a function from inside it defines a cleanup that runs before the next execution or when the component unmounts.","[{""term"": ""side effect"", ""tier"": ""supporting"", ""aliases"": [""side effects""]}, {""term"": ""cleanup function"", ""tier"": ""supporting"", ""aliases"": [""cleanup"", ""teardown function""]}, {""term"": ""mount and unmount"", ""tier"": ""supporting"", ""aliases"": []}, {""term"": ""stale closure"", ""tier"": ""supporting"", ""aliases"": []}]",0.5
24,React,What is the Context API and when should you use it instead of prop drilling?,"It lets you share a value across a component tree without manually threading it down as props through every intermediate level. It suits globally relevant data like the current theme or authenticated user, but since any change to the value re-renders every consumer, using it for frequently changing data can trigger broad, unnecessary re-renders.","[{""term"": ""Provider"", ""tier"": ""supporting"", ""aliases"": [""context provider""]}, {""term"": ""Consumer"", ""tier"": ""supporting"", ""aliases"": [""context consumer""]}, {""term"": ""global state"", ""tier"": ""supporting"", ""aliases"": []}, {""term"": ""memoized context value"", ""tier"": ""supporting"", ""aliases"": []}]",0.55
25,React,Explain controlled vs uncontrolled components in React forms.,"In one style, the input's value is driven by React state and updated through an onChange handler, so React is the single source of truth. In the other, the DOM itself holds the current value, and you read it on demand using a ref rather than tracking it in state.","[{""term"": ""refs"", ""tier"": ""supporting"", ""aliases"": [""useref"", ""ref""]}, {""term"": ""form state"", ""tier"": ""supporting"", ""aliases"": []}, {""term"": ""defaultValue"", ""tier"": ""supporting"", ""aliases"": []}]",0.6
26,React,Explain how React's reconciliation algorithm and virtual DOM diffing work.,"React keeps a lightweight in-memory tree representing the UI. On each update it builds a new version of that tree, diffs it against the previous one, and computes the minimal set of real DOM operations needed to bring the page in sync. Stable identifiers on list items help this diffing process match items correctly across renders, even when items are reordered or removed.","[{""term"": ""diffing algorithm"", ""tier"": ""supporting"", ""aliases"": [""diff algorithm""]}, {""term"": ""keys"", ""tier"": ""supporting"", ""aliases"": [""key prop"", ""list keys""]}, {""term"": ""batched updates"", ""tier"": ""supporting"", ""aliases"": []}]",0.7
27,React,"How would you implement code-splitting in a React app, and what problems does it solve?","The JavaScript bundle is broken into smaller chunks that load on demand rather than all at once. In React this is typically done with React.lazy() combined with Suspense, or a plain dynamic import(), so a route or component's code is only downloaded when it's actually needed - reducing the app's initial load time.","[{""term"": ""code splitting"", ""tier"": ""critical"", ""aliases"": []}, {""term"": ""React.lazy"", ""tier"": ""critical"", ""aliases"": [""lazy loading"", ""react lazy""]}, {""term"": ""Suspense"", ""tier"": ""supporting"", ""aliases"": [""react suspense""]}, {""term"": ""dynamic import"", ""tier"": ""supporting"", ""aliases"": [""dynamic imports""]}, {""term"": ""bundle size"", ""tier"": ""supporting"", ""aliases"": []}, {""term"": ""bundle chunk"", ""tier"": ""supporting"", ""aliases"": [""webpack chunk""]}]",0.8
28,React,Explain how React Fiber changed the reconciliation process compared to the old stack reconciler.,"The newer architecture replaced React's old synchronous, stack-based reconciler with an incremental one that breaks rendering work into small units which can be paused, resumed, and prioritized. That interruptibility is what enables concurrent features, letting React stay responsive by yielding to more urgent work, like animations or input, mid-render.","[{""term"": ""incremental rendering"", ""tier"": ""critical"", ""aliases"": [""interruptible rendering""]}, {""term"": ""concurrent mode"", ""tier"": ""supporting"", ""aliases"": [""concurrent rendering""]}, {""term"": ""priority scheduling"", ""tier"": ""supporting"", ""aliases"": [""task prioritization"", ""scheduling""]}, {""term"": ""interruptible work"", ""tier"": ""supporting"", ""aliases"": []}, {""term"": ""time slicing"", ""tier"": ""supporting"", ""aliases"": []}]",0.85
29,React,How would you optimize a large React application experiencing unnecessary re-renders across deeply nested components?,"React.memo skips re-rendering a component when its props haven't changed. useMemo caches expensive computed values, and useCallback keeps function references stable across renders. Splitting a large context into smaller pieces limits how many components re-render on a change, and code-splitting reduces what needs to render at once. Before reaching for any of these, profiling with React DevTools is important to find the actual bottleneck rather than optimizing blindly.","[{""term"": ""React.memo"", ""tier"": ""critical"", ""aliases"": [""memo"", ""react memo""]}, {""term"": ""useMemo"", ""tier"": ""critical"", ""aliases"": [""use memo hook""]}, {""term"": ""useCallback"", ""tier"": ""critical"", ""aliases"": [""use callback hook""]}, {""term"": ""context splitting"", ""tier"": ""supporting"", ""aliases"": [""splitting contexts""]}, {""term"": ""React DevTools"", ""tier"": ""supporting"", ""aliases"": [""dev tools profiler"", ""react profiler""]}, {""term"": ""profiling"", ""tier"": ""supporting"", ""aliases"": []}, {""term"": ""list virtualization"", ""tier"": ""supporting"", ""aliases"": [""windowing""]}]",0.9
30,React,"Design a custom hook for data fetching that handles caching, request deduplication, and race conditions between rapid successive calls.","Results can be cached and keyed by the request parameters, so a repeated call for the same data returns instantly. To avoid duplicate calls, the hook tracks in-flight requests by key and reuses the pending promise if a matching one is already running. To handle rapid successive calls, it can use an AbortController to cancel outdated requests, or tag each request with an incrementing id and ignore any response that isn't from the most recent call.","[{""term"": ""AbortController"", ""tier"": ""supporting"", ""aliases"": [""abort controller""]}, {""term"": ""stale response"", ""tier"": ""supporting"", ""aliases"": []}, {""term"": ""stale-while-revalidate"", ""tier"": ""supporting"", ""aliases"": [""SWR pattern""]}]",1.0
31,Data Structures,What is Big O notation and why is it used?,"It describes how an algorithm's runtime or memory usage grows as input size increases, expressed as an upper bound independent of the specific hardware it runs on. This lets you compare the efficiency of different algorithms or implementations in a consistent, hardware-agnostic way.","[{""term"": ""time complexity"", ""tier"": ""critical"", ""aliases"": [""runtime complexity""]}, {""term"": ""space complexity"", ""tier"": ""supporting"", ""aliases"": [""memory complexity""]}, {""term"": ""algorithm efficiency"", ""tier"": ""supporting"", ""aliases"": [""efficiency of algorithm""]}, {""term"": ""worst case"", ""tier"": ""supporting"", ""aliases"": []}, {""term"": ""average case"", ""tier"": ""supporting"", ""aliases"": []}]",0.1
32,Data Structures,What is the difference between an array and a linked list?,"One stores elements in contiguous memory, giving O(1) access to any position but making mid-sequence insertion or removal expensive since later elements have to shift. The other stores nodes scattered in memory and connected by pointers, giving O(1) insertion and deletion once you're at the right position, but only O(n) access since you have to traverse from the head to reach a given element.","[{""term"": ""contiguous memory"", ""tier"": ""critical"", ""aliases"": [""contiguous block"", ""contiguous allocation""]}, {""term"": ""pointer"", ""tier"": ""supporting"", ""aliases"": [""pointers"", ""reference""]}, {""term"": ""time complexity"", ""tier"": ""supporting"", ""aliases"": [""runtime complexity""]}, {""term"": ""random access"", ""tier"": ""supporting"", ""aliases"": []}, {""term"": ""doubly linked list"", ""tier"": ""supporting"", ""aliases"": []}]",0.15
33,Data Structures,What is binary search and what condition must be true for it to work?,"The algorithm repeatedly compares the target to the middle element of the remaining range and discards the half that can't contain it, halving the search space each step. For this to work correctly, the data must already be sorted, since the technique relies on ordering to decide which half to eliminate.","[{""term"": ""sorted array"", ""tier"": ""critical"", ""aliases"": [""sorted list"", ""sorted data""]}, {""term"": ""O(log n)"", ""tier"": ""supporting"", ""aliases"": [""logarithmic time""]}, {""term"": ""divide and conquer"", ""tier"": ""supporting"", ""aliases"": [""divide-and-conquer""]}, {""term"": ""midpoint calculation"", ""tier"": ""supporting"", ""aliases"": []}]",0.2
34,Data Structures,What is recursion and what are its two essential components?,"It's when a function calls itself to solve a problem by breaking it into smaller instances of the same problem. It requires two essential pieces: a condition that stops the calls once a simple, directly solvable case is reached, and a step that reduces the problem and moves it closer to that stopping condition.","[{""term"": ""base case"", ""tier"": ""critical"", ""aliases"": [""base condition"", ""stopping condition""]}, {""term"": ""recursive case"", ""tier"": ""supporting"", ""aliases"": [""inductive case""]}, {""term"": ""call stack"", ""tier"": ""supporting"", ""aliases"": [""stack frame"", ""execution stack""]}, {""term"": ""stack overflow"", ""tier"": ""supporting"", ""aliases"": []}, {""term"": ""tail recursion"", ""tier"": ""supporting"", ""aliases"": []}]",0.25
35,Data Structures,What is a binary tree and how does it differ from a binary search tree?,"One is any tree where each node has at most two children, with no rule about how values are arranged. The other adds an ordering constraint on top of that: for every node, all values in its left subtree are smaller and all values in its right subtree are larger, which is what enables efficient searching.","[{""term"": ""ordering property"", ""tier"": ""supporting"", ""aliases"": [""bst property"", ""sorted order property""]}, {""term"": ""tree traversal"", ""tier"": ""supporting"", ""aliases"": []}, {""term"": ""balanced tree"", ""tier"": ""supporting"", ""aliases"": []}]",0.3
36,Data Structures,"Explain how a stack and queue differ, with real world examples.","One follows Last-In-First-Out ordering - the last item added is the first one removed, like a stack of plates or a browser's back button history. The other follows First-In-First-Out ordering - the first item added is the first one removed, like a line of customers at a store or a print job queue.","[{""term"": ""LIFO"", ""tier"": ""critical"", ""aliases"": [""last in first out""]}, {""term"": ""FIFO"", ""tier"": ""critical"", ""aliases"": [""first in first out""]}, {""term"": ""push"", ""tier"": ""supporting"", ""aliases"": [""push operation""]}, {""term"": ""pop"", ""tier"": ""supporting"", ""aliases"": [""pop operation""]}, {""term"": ""enqueue"", ""tier"": ""supporting"", ""aliases"": [""enqueue operation""]}, {""term"": ""dequeue"", ""tier"": ""supporting"", ""aliases"": [""dequeue operation""]}, {""term"": ""real world analogy"", ""tier"": ""supporting"", ""aliases"": []}, {""term"": ""circular buffer"", ""tier"": ""supporting"", ""aliases"": []}]",0.4
37,Data Structures,"What is a graph, and what's the difference between BFS and DFS traversal?","It's a set of nodes connected by edges, which can be directed or undirected and weighted or unweighted. One traversal explores level by level, visiting all neighbors of a node before moving further out, typically using a queue. The other explores as far as possible down one path before backtracking, typically using a stack or recursion.","[{""term"": ""adjacency list"", ""tier"": ""supporting"", ""aliases"": []}, {""term"": ""adjacency matrix"", ""tier"": ""supporting"", ""aliases"": []}]",0.45
38,Data Structures,How does a hashmap achieve average O(1) lookup time?,"A key is run through a hash function to compute an index into an underlying array, which is where the corresponding value is stored - giving average constant-time lookup, insertion, and deletion since you jump almost directly to the right slot. When two keys hash to the same index, the collision is typically resolved through chaining, where each slot holds a small list of entries, or open addressing, where the entry is placed in the next available slot.","[{""term"": ""hash function"", ""tier"": ""critical"", ""aliases"": [""hashing function""]}, {""term"": ""collision"", ""tier"": ""supporting"", ""aliases"": [""hash collision"", ""collisions""]}, {""term"": ""chaining"", ""tier"": ""supporting"", ""aliases"": [""separate chaining""]}, {""term"": ""load factor"", ""tier"": ""supporting"", ""aliases"": []}, {""term"": ""rehashing"", ""tier"": ""supporting"", ""aliases"": [""resizing""]}]",0.5
39,Data Structures,Explain how merge sort works and what its time complexity is.,"This is a divide-and-conquer algorithm that recursively splits the array in half until each piece has one element, then merges the sorted halves back together in order. Because the split and merge steps behave consistently regardless of the input's initial order, it runs in O(n log n) time in the best, average, and worst cases.","[{""term"": ""divide and conquer"", ""tier"": ""critical"", ""aliases"": [""divide-and-conquer""]}, {""term"": ""O(n log n)"", ""tier"": ""supporting"", ""aliases"": [""n log n time""]}, {""term"": ""stable sort"", ""tier"": ""supporting"", ""aliases"": []}, {""term"": ""auxiliary space"", ""tier"": ""supporting"", ""aliases"": [""O(n) space""]}]",0.55
40,Data Structures,What is dynamic programming and how does it differ from plain recursion?,"A problem is broken into overlapping subproblems, and the result of each is stored - either top-down with memoization or bottom-up with tabulation - so it's never recomputed. Plain recursion re-solves the same subproblems repeatedly without remembering previous results, which can make the runtime blow up exponentially when there's a lot of overlap.","[{""term"": ""memoization"", ""tier"": ""critical"", ""aliases"": [""memoize"", ""memoizing""]}, {""term"": ""tabulation"", ""tier"": ""supporting"", ""aliases"": [""bottom-up dp""]}, {""term"": ""overlapping subproblems"", ""tier"": ""supporting"", ""aliases"": [""repeated subproblems""]}, {""term"": ""subproblem reuse"", ""tier"": ""supporting"", ""aliases"": []}, {""term"": ""state transition"", ""tier"": ""supporting"", ""aliases"": []}]",0.6
41,Data Structures,Explain how you would detect a cycle in a linked list.,"The tortoise-and-hare technique uses two pointers moving through the list at different speeds, typically one step at a time and two steps at a time. If the list contains a loop, the faster pointer eventually catches up to and meets the slower one; if it reaches the end instead, there's no loop.","[{""term"": ""cycle detection"", ""tier"": ""critical"", ""aliases"": [""detecting a cycle""]}, {""term"": ""Floyd's algorithm"", ""tier"": ""critical"", ""aliases"": [""floyd's cycle detection"", ""tortoise and hare""]}, {""term"": ""slow pointer"", ""tier"": ""supporting"", ""aliases"": [""slow runner""]}, {""term"": ""fast pointer"", ""tier"": ""supporting"", ""aliases"": [""fast runner""]}, {""term"": ""two pointer technique"", ""tier"": ""supporting"", ""aliases"": []}, {""term"": ""cycle start node"", ""tier"": ""supporting"", ""aliases"": []}]",0.7
42,Data Structures,How would you find the k-th largest element in an unsorted array efficiently?,"A min-heap of size k works well: iterate through the array, keep the heap holding the k largest elements seen so far, and its root ends up being the answer - this runs in O(n log k) time. A partition-based selection algorithm, a variant of quicksort's partition step, finds the same answer in average O(n) time, though its worst case is quadratic unless a good pivot strategy is used, making it faster on average but less predictable.","[{""term"": ""min-heap"", ""tier"": ""critical"", ""aliases"": [""min heap""]}, {""term"": ""quickselect"", ""tier"": ""supporting"", ""aliases"": [""quick select""]}, {""term"": ""O(n log k)"", ""tier"": ""supporting"", ""aliases"": [""n log k time""]}, {""term"": ""heap data structure"", ""tier"": ""supporting"", ""aliases"": []}, {""term"": ""partitioning"", ""tier"": ""supporting"", ""aliases"": []}]",0.8
43,Data Structures,Explain how a trie data structure works and where it's useful.,"Each node represents a single character, and the path from the root to a node spells out a prefix or, at certain marked nodes, a complete word. This structure is especially useful for autocomplete and spellcheck, since looking up or inserting a word takes time proportional only to the word's length, regardless of how many other words are stored.","[{""term"": ""prefix tree"", ""tier"": ""critical"", ""aliases"": [""trie structure""]}, {""term"": ""autocomplete"", ""tier"": ""supporting"", ""aliases"": [""auto-complete"", ""word suggestion""]}, {""term"": ""O(m) lookup"", ""tier"": ""supporting"", ""aliases"": [""lookup proportional to word length""]}, {""term"": ""character node"", ""tier"": ""supporting"", ""aliases"": []}, {""term"": ""word insertion"", ""tier"": ""supporting"", ""aliases"": []}]",0.85
44,Data Structures,Design an algorithm to find the median of a stream of numbers in real time.,"Maintaining two heaps works well: one holding the smaller half of the numbers seen so far, and one holding the larger half, kept balanced so their sizes differ by at most one. The value in question is then either the root of the larger heap, or the average of both roots when they're equal in size - giving O(1) time to read it and O(log n) time to insert each new number.","[{""term"": ""max-heap"", ""tier"": ""critical"", ""aliases"": [""max heap""]}, {""term"": ""min-heap"", ""tier"": ""supporting"", ""aliases"": [""min heap""]}, {""term"": ""streaming data"", ""tier"": ""supporting"", ""aliases"": [""data stream""]}, {""term"": ""balanced heaps"", ""tier"": ""supporting"", ""aliases"": []}, {""term"": ""heap rebalancing"", ""tier"": ""supporting"", ""aliases"": []}]",0.9
45,Data Structures,"Design an efficient algorithm to find the shortest path in a weighted graph with possibly negative edge weights, and explain why Dijkstra's algorithm fails here.","Dijkstra's approach greedily picks the closest unvisited node at each step, assuming a node's shortest distance can never improve once finalized - an assumption that breaks down with negative weights, since a longer path through one could later reduce the total distance. Bellman-Ford instead relaxes every edge repeatedly, V-1 times, running in O(VE), which correctly handles negative weights and can also detect negative cycles, at the cost of being slower.","[{""term"": ""Bellman-Ford"", ""tier"": ""critical"", ""aliases"": [""bellman ford algorithm""]}, {""term"": ""negative weights"", ""tier"": ""supporting"", ""aliases"": []}, {""term"": ""negative cycle"", ""tier"": ""supporting"", ""aliases"": [""negative weight cycle""]}, {""term"": ""greedy algorithm"", ""tier"": ""supporting"", ""aliases"": []}, {""term"": ""edge relaxation"", ""tier"": ""supporting"", ""aliases"": []}]",1.0
46,System Design,What is the difference between a monolithic architecture and a microservices architecture?,"One packages all of an application's functionality into a single deployable unit sharing one codebase, database, and process. The other splits functionality into separate, independently deployable services that communicate with each other over a network, typically via APIs or messaging.","[{""term"": ""independent deployment"", ""tier"": ""supporting"", ""aliases"": []}, {""term"": ""shared database"", ""tier"": ""supporting"", ""aliases"": []}]",0.1
47,System Design,What is the difference between vertical and horizontal scaling?,"One means adding more resources - CPU, RAM, or disk - to a single existing machine. The other means adding more machines and spreading load across them. The former is simpler but eventually hits a hardware ceiling and creates a single point of failure, while the latter can grow much further but adds complexity around distributing load and keeping data consistent across nodes.","[{""term"": ""vertical scaling"", ""tier"": ""critical"", ""aliases"": [""scale up"", ""scaling up""]}, {""term"": ""scale up"", ""tier"": ""supporting"", ""aliases"": [""vertical scaling""]}, {""term"": ""scale out"", ""tier"": ""supporting"", ""aliases"": []}, {""term"": ""cost ceiling"", ""tier"": ""supporting"", ""aliases"": []}, {""term"": ""single point of failure"", ""tier"": ""supporting"", ""aliases"": []}]",0.15
48,System Design,What is caching and why is it used in system design?,"Frequently accessed data is stored in a faster-access layer, often in memory, positioned in front of a slower backend or database. This cuts response times for repeated requests and reduces load on that backend, at the cost of needing a strategy to keep the cached data reasonably fresh.","[{""term"": ""latency"", ""tier"": ""critical"", ""aliases"": [""response time"", ""delay""]}, {""term"": ""cache hit"", ""tier"": ""supporting"", ""aliases"": [""cache hits""]}, {""term"": ""cache miss"", ""tier"": ""supporting"", ""aliases"": [""cache misses""]}, {""term"": ""backend load"", ""tier"": ""supporting"", ""aliases"": []}, {""term"": ""TTL"", ""tier"": ""supporting"", ""aliases"": [""time to live"", ""cache expiration""]}]",0.2
49,System Design,"What is the difference between a relational and a NoSQL database, and when might you choose one over the other?","One enforces a structured schema, uses SQL, and typically provides strong consistency and transactional guarantees. The other offers a flexible or schema-less data model and scales horizontally more easily, often relaxing strict consistency in favor of availability. The former fits well-structured data with complex relationships and transactions, while the latter fits large-scale, rapidly evolving, or loosely structured data.","[{""term"": ""relational database"", ""tier"": ""critical"", ""aliases"": [""rdbms""]}, {""term"": ""schema"", ""tier"": ""supporting"", ""aliases"": [""data schema""]}, {""term"": ""scalability"", ""tier"": ""supporting"", ""aliases"": [""scalable"", ""ability to scale""]}, {""term"": ""strong consistency"", ""tier"": ""supporting"", ""aliases"": []}, {""term"": ""ACID vs BASE"", ""tier"": ""supporting"", ""aliases"": []}]",0.25
50,System Design,What is a CDN and how does it improve performance for a web application?,"Static assets, such as images, CSS, and JavaScript, are cached on servers positioned geographically close to end users. This reduces the round-trip delay compared to fetching everything from one central server, and it offloads a large share of traffic away from that server.","[{""term"": ""edge server"", ""tier"": ""critical"", ""aliases"": [""edge node"", ""edge location""]}, {""term"": ""latency"", ""tier"": ""supporting"", ""aliases"": [""response time"", ""delay""]}, {""term"": ""static assets"", ""tier"": ""supporting"", ""aliases"": [""static files"", ""static content""]}, {""term"": ""origin server"", ""tier"": ""supporting"", ""aliases"": []}, {""term"": ""geo-distribution"", ""tier"": ""supporting"", ""aliases"": []}]",0.3
51,System Design,Explain the role of a load balancer in a distributed system.,"It sits in front of multiple servers and spreads incoming traffic across them, preventing any single server from being overloaded and improving overall availability, since traffic simply reroutes if one goes down. Common strategies include cycling through servers in order, or sending each request to whichever server currently has the fewest active connections.","[{""term"": ""round robin"", ""tier"": ""critical"", ""aliases"": [""round-robin algorithm""]}, {""term"": ""least connections"", ""tier"": ""supporting"", ""aliases"": [""least connections algorithm""]}, {""term"": ""availability"", ""tier"": ""supporting"", ""aliases"": [""uptime"", ""high availability""]}, {""term"": ""traffic distribution"", ""tier"": ""supporting"", ""aliases"": []}, {""term"": ""health check"", ""tier"": ""supporting"", ""aliases"": []}]",0.4
52,System Design,What is database replication and what problem does it solve?,"Copying data across multiple database nodes improves read throughput, since reads can be spread across replicas, and improves availability, since a replica can take over if the primary fails. A typical setup has one primary handling writes and one or more replicas handling reads, with copying happening either synchronously, for stronger consistency at the cost of latency, or asynchronously, for lower latency at the cost of possibly serving slightly stale data.","[{""term"": ""master-replica"", ""tier"": ""critical"", ""aliases"": [""primary-replica"", ""leader-follower""]}, {""term"": ""availability"", ""tier"": ""supporting"", ""aliases"": [""uptime"", ""high availability""]}, {""term"": ""read throughput"", ""tier"": ""supporting"", ""aliases"": [""read performance"", ""read scalability""]}, {""term"": ""failover"", ""tier"": ""supporting"", ""aliases"": []}, {""term"": ""replication lag"", ""tier"": ""supporting"", ""aliases"": []}]",0.45
53,System Design,How would you design a URL shortening service?,"A short, unique key can be generated either by hashing the original URL and truncating the result, or by encoding an auto-incrementing database ID in base62, then storing the key-to-URL mapping in a database. When the shortened link is requested, the service looks up the key and issues an HTTP redirect to the original address. Extra considerations include supporting custom aliases, handling key collisions, and tracking click analytics.","[{""term"": ""URL shortener"", ""tier"": ""critical"", ""aliases"": []}, {""term"": ""base62 encoding"", ""tier"": ""critical"", ""aliases"": [""base 62 encoding""]}, {""term"": ""hashing"", ""tier"": ""supporting"", ""aliases"": [""hash-based encoding""]}, {""term"": ""redirect"", ""tier"": ""supporting"", ""aliases"": [""http redirect"", ""redirection""]}, {""term"": ""unique key generation"", ""tier"": ""supporting"", ""aliases"": []}, {""term"": ""key collision handling"", ""tier"": ""supporting"", ""aliases"": []}]",0.5
54,System Design,What is the CAP theorem and what tradeoffs does it describe?,"In a distributed system, you can only fully guarantee two of the three properties Consistency, Availability, and Partition tolerance at once. Since network partitions are essentially unavoidable in any real distributed system, partition tolerance is treated as a given, meaning the real tradeoff most systems make is between the other two whenever a partition actually occurs.","[{""term"": ""consistency"", ""tier"": ""critical"", ""aliases"": [""data consistency""]}, {""term"": ""availability"", ""tier"": ""supporting"", ""aliases"": [""uptime"", ""high availability""]}, {""term"": ""partition tolerance"", ""tier"": ""supporting"", ""aliases"": [""network partition tolerance""]}, {""term"": ""network partition"", ""tier"": ""supporting"", ""aliases"": []}, {""term"": ""eventual consistency"", ""tier"": ""supporting"", ""aliases"": []}]",0.55
55,System Design,"How would you design a notification system that supports email, SMS, and push notifications?","A queue decouples the services that trigger messages from the services that actually deliver them, so a spike in one channel doesn't block the others. Separate worker services handle each channel independently, pulling from the queue and calling the relevant third-party provider. Failed deliveries are retried with backoff, and messages that repeatedly fail are routed aside for inspection, while a single unified interface lets other services trigger messages without needing to know the delivery details.","[{""term"": ""message queue"", ""tier"": ""critical"", ""aliases"": [""queueing system"", ""message broker""]}, {""term"": ""retry"", ""tier"": ""supporting"", ""aliases"": [""retry logic"", ""retry mechanism""]}, {""term"": ""dead-letter queue"", ""tier"": ""supporting"", ""aliases"": [""dlq"", ""dead letter queue""]}, {""term"": ""decoupling producers and consumers"", ""tier"": ""supporting"", ""aliases"": []}, {""term"": ""idempotency"", ""tier"": ""supporting"", ""aliases"": []}]",0.6
56,System Design,Explain how you would design a rate limiter for an API.,"One common algorithm has each request consume a token from a bucket that refills at a fixed rate; another tracks request counts over a moving time window for smoother enforcement than a fixed window would give. The check can live at the API gateway, rejecting excess traffic before it reaches application servers, or within the application itself for finer-grained control. In a distributed system, the counters need to live somewhere shared and fast, such as an in-memory store like Redis, so limits are enforced consistently across all instances.","[{""term"": ""token bucket"", ""tier"": ""critical"", ""aliases"": [""token bucket algorithm""]}, {""term"": ""sliding window"", ""tier"": ""supporting"", ""aliases"": [""sliding window algorithm"", ""sliding window counter""]}, {""term"": ""Redis"", ""tier"": ""supporting"", ""aliases"": [""in-memory store"", ""redis cache""]}, {""term"": ""api gateway"", ""tier"": ""supporting"", ""aliases"": []}, {""term"": ""leaky bucket"", ""tier"": ""supporting"", ""aliases"": []}]",0.7
57,System Design,How would you design a distributed job scheduling system that reliably runs millions of scheduled tasks?,"Work can be split across multiple worker nodes so no single one becomes a bottleneck, with a durable, persistent store recording each task's schedule and status. Coordinated locking prevents two workers from picking up and running the same task at once. Failures are retried with backoff, and monitoring tracks tasks that are missed, stuck, or repeatedly failing so they can be surfaced and investigated.","[{""term"": ""job scheduler"", ""tier"": ""critical"", ""aliases"": [""task scheduler""]}, {""term"": ""distributed locking"", ""tier"": ""critical"", ""aliases"": [""distributed lock""]}, {""term"": ""partitioning"", ""tier"": ""supporting"", ""aliases"": [""sharding"", ""data partitioning""]}, {""term"": ""retry backoff"", ""tier"": ""supporting"", ""aliases"": [""exponential backoff"", ""backoff strategy""]}, {""term"": ""double execution prevention"", ""tier"": ""supporting"", ""aliases"": []}, {""term"": ""cron-like scheduling"", ""tier"": ""supporting"", ""aliases"": [""cron""]}]",0.8
58,System Design,How would you design a globally distributed database that stays consistent across regions?,"Data is copied across multiple regions so it stays close to users and survives a regional outage. A protocol like Paxos or Raft keeps replicas agreeing on the order of writes despite failures or network delays. Because concurrent writes to the same data in different regions can conflict, the system needs a strategy for resolving that, and the choice between strong and eventual consistency is a direct tradeoff against the latency users experience.","[{""term"": ""multi-region"", ""tier"": ""critical"", ""aliases"": [""multi region"", ""cross-region""]}, {""term"": ""consensus"", ""tier"": ""critical"", ""aliases"": [""consensus algorithm"", ""consensus protocol""]}, {""term"": ""Paxos"", ""tier"": ""supporting"", ""aliases"": [""paxos protocol""]}, {""term"": ""Raft"", ""tier"": ""supporting"", ""aliases"": [""raft protocol"", ""raft consensus""]}, {""term"": ""conflict resolution"", ""tier"": ""supporting"", ""aliases"": []}, {""term"": ""quorum"", ""tier"": ""supporting"", ""aliases"": []}]",0.85
59,System Design,Design a scalable system for a real time chat application supporting millions of concurrent users.,"A persistent, bidirectional connection keeps a real-time channel open between clients and servers for message delivery. A queue sits behind this to ensure reliable delivery even if a consumer is temporarily slow or down. To scale connection handling across many servers, either routing a user consistently to the same server, or a publish/subscribe layer letting any server broadcast to any connected client, is needed. A separate database handles persistent history, and knowing who's currently online is typically tracked with a fast in-memory store.","[{""term"": ""WebSocket"", ""tier"": ""critical"", ""aliases"": [""websockets"", ""web socket""]}, {""term"": ""message queue"", ""tier"": ""critical"", ""aliases"": [""queueing system"", ""message broker""]}, {""term"": ""pub/sub"", ""tier"": ""critical"", ""aliases"": [""publish subscribe"", ""publish-subscribe""]}, {""term"": ""horizontal scaling"", ""tier"": ""supporting"", ""aliases"": [""scale out"", ""scaling out""]}, {""term"": ""presence"", ""tier"": ""supporting"", ""aliases"": [""presence tracking"", ""online status""]}, {""term"": ""sticky sessions"", ""tier"": ""supporting"", ""aliases"": []}, {""term"": ""message ordering"", ""tier"": ""supporting"", ""aliases"": []}]",0.9
60,System Design,Design a system like a ride-sharing app's real-time driver matching engine at global scale.,"Nearby drivers can be found quickly using proximity-grouping techniques like geohashing or quad-trees, which group locations so a search doesn't have to scan every driver. Locations are updated continuously through a real-time streaming pipeline. The matching logic itself balances multiple factors - distance to the rider, estimated wait time, and current demand-based pricing - rather than just picking the closest option. At global scale, the system is typically split regionally so matching happens against a local subset rather than one global pool.","[{""term"": ""geospatial indexing"", ""tier"": ""critical"", ""aliases"": [""spatial indexing""]}, {""term"": ""geohashing"", ""tier"": ""critical"", ""aliases"": [""geohash""]}, {""term"": ""real-time matching"", ""tier"": ""supporting"", ""aliases"": [""realtime matching""]}, {""term"": ""surge pricing"", ""tier"": ""supporting"", ""aliases"": [""dynamic pricing""]}, {""term"": ""nearby lookup"", ""tier"": ""supporting"", ""aliases"": []}, {""term"": ""ETA calculation"", ""tier"": ""supporting"", ""aliases"": []}]",1.0
61,SQL,What does SQL stand for and what is it used for?,"It stands for Structured Query Language, and it's used to define database schemas and to query, insert, update, and delete data stored in relational databases.","[{""term"": ""relational database"", ""tier"": ""critical"", ""aliases"": [""rdbms"", ""sql database""]}, {""term"": ""query language"", ""tier"": ""supporting"", ""aliases"": [""query languages""]}, {""term"": ""data definition language"", ""tier"": ""supporting"", ""aliases"": []}, {""term"": ""DML"", ""tier"": ""supporting"", ""aliases"": [""data manipulation language""]}]",0.1
62,SQL,What is the difference between a primary key and a foreign key?,"One uniquely identifies each row in a table and cannot contain a null value. The other is a column, or set of columns, in one table that references the unique identifier of another table, enforcing referential integrity by ensuring the referenced row actually exists.","[{""term"": ""referential integrity"", ""tier"": ""supporting"", ""aliases"": [""referential constraint""]}, {""term"": ""unique identifier"", ""tier"": ""supporting"", ""aliases"": []}, {""term"": ""composite key"", ""tier"": ""supporting"", ""aliases"": []}]",0.15
63,SQL,"What is the difference between DELETE, TRUNCATE, and DROP?","The first removes rows one at a time based on an optional condition, is fully logged, and can be rolled back within a transaction. The second removes every row from a table at once with minimal logging, making it much faster, but it can't be filtered with a condition. The third removes the entire table structure itself, including its schema, indexes, and data.","[{""term"": ""rollback"", ""tier"": ""supporting"", ""aliases"": []}, {""term"": ""auto-increment reset"", ""tier"": ""supporting"", ""aliases"": []}]",0.2
64,SQL,"What is a GROUP BY clause used for, and how does it interact with aggregate functions?","Rows sharing the same value in one or more specified columns are grouped into a single result row per group. Aggregate functions are then applied within each group separately rather than across the entire table, letting you compute per-category totals or averages.","[{""term"": ""COUNT"", ""tier"": ""supporting"", ""aliases"": [""count function""]}, {""term"": ""SUM"", ""tier"": ""supporting"", ""aliases"": [""sum function""]}, {""term"": ""per group aggregation"", ""tier"": ""supporting"", ""aliases"": []}, {""term"": ""HAVING clause"", ""tier"": ""supporting"", ""aliases"": []}]",0.25
65,SQL,What is the difference between WHERE and HAVING clauses?,"One filters individual rows before any grouping or aggregation happens, so it can't reference the result of an aggregate function. The other filters after rows have been grouped and aggregated, so it's used specifically to filter based on the result of something like a count or sum.","[{""term"": ""filtering"", ""tier"": ""supporting"", ""aliases"": [""filter rows""]}, {""term"": ""aggregation"", ""tier"": ""supporting"", ""aliases"": [""aggregating data""]}, {""term"": ""post-aggregation filter"", ""tier"": ""supporting"", ""aliases"": []}, {""term"": ""execution order"", ""tier"": ""supporting"", ""aliases"": []}]",0.3
66,SQL,Explain the difference between INNER JOIN and LEFT JOIN.,"One returns only the rows that have matching values in both tables being joined. The other returns every row from the left table, along with matching rows from the right table where they exist, filling in NULL for the right table's columns when there's no match.","[{""term"": ""NULL"", ""tier"": ""supporting"", ""aliases"": [""explicit empty value""]}, {""term"": ""join types"", ""tier"": ""supporting"", ""aliases"": [""types of joins""]}, {""term"": ""unmatched rows"", ""tier"": ""supporting"", ""aliases"": []}, {""term"": ""RIGHT JOIN"", ""tier"": ""supporting"", ""aliases"": []}]",0.4
67,SQL,What is a subquery and when might you use one instead of a JOIN?,"This is a query nested inside another query, often used to filter results based on an aggregated or derived value that would be awkward to express directly in a single join - for example, finding rows above an average computed elsewhere. Joins are generally more performant when you need to combine and return full row sets from multiple tables, since the database can optimize them more effectively than a nested query.","[{""term"": ""nested query"", ""tier"": ""critical"", ""aliases"": [""query within a query""]}, {""term"": ""correlated subquery"", ""tier"": ""supporting"", ""aliases"": [""correlated sub-query""]}, {""term"": ""derived values"", ""tier"": ""supporting"", ""aliases"": []}, {""term"": ""EXISTS clause"", ""tier"": ""supporting"", ""aliases"": []}]",0.45
68,SQL,What is database normalization and why is it important?,"Tables are organized to minimize data redundancy and protect integrity, typically through a series of normal forms. The first requires atomic column values with no repeating groups; the second removes partial dependencies on part of a composite key; the third removes dependencies between non-key columns. Splitting related data into separate tables this way prevents update anomalies, where the same fact stored in multiple places can end up inconsistent after an edit.","[{""term"": ""normal forms"", ""tier"": ""critical"", ""aliases"": [""nf""]}, {""term"": ""1NF"", ""tier"": ""critical"", ""aliases"": [""first normal form""]}, {""term"": ""2NF"", ""tier"": ""supporting"", ""aliases"": [""second normal form""]}, {""term"": ""3NF"", ""tier"": ""supporting"", ""aliases"": [""third normal form""]}, {""term"": ""redundancy"", ""tier"": ""supporting"", ""aliases"": [""data redundancy"", ""duplicate data""]}, {""term"": ""update anomalies"", ""tier"": ""supporting"", ""aliases"": []}, {""term"": ""denormalization tradeoff"", ""tier"": ""supporting"", ""aliases"": []}]",0.5
69,SQL,What is a database transaction and what do the ACID properties mean?,"A sequence of operations executed as a single, indivisible unit - either all of them succeed or none do. The four guarantees such a unit should provide are atomicity (all-or-nothing execution), consistency (moving from one valid state to another), isolation (concurrent operations don't interfere with each other's intermediate results), and durability (committed changes survive even a crash).","[{""term"": ""atomicity"", ""tier"": ""critical"", ""aliases"": [""atomic""]}, {""term"": ""consistency"", ""tier"": ""supporting"", ""aliases"": [""data consistency""]}, {""term"": ""isolation"", ""tier"": ""supporting"", ""aliases"": [""isolation level""]}, {""term"": ""durability"", ""tier"": ""supporting"", ""aliases"": [""durable""]}, {""term"": ""concurrency control"", ""tier"": ""supporting"", ""aliases"": []}, {""term"": ""commit and rollback"", ""tier"": ""supporting"", ""aliases"": []}]",0.55
70,SQL,What is a database view and what are its common use cases?,"This is a virtual table defined by a stored query - it doesn't store data itself but presents the result of that query as if it were a table. Common use cases include simplifying repeated complex joins, restricting which columns or rows certain users can see, and providing a stable interface to consumers even as the underlying tables evolve.","[{""term"": ""virtual table"", ""tier"": ""critical"", ""aliases"": [""virtual view""]}, {""term"": ""abstraction"", ""tier"": ""supporting"", ""aliases"": [""abstraction layer""]}, {""term"": ""stored query"", ""tier"": ""supporting"", ""aliases"": []}, {""term"": ""materialized view"", ""tier"": ""supporting"", ""aliases"": []}]",0.6
71,SQL,Explain how indexing improves query performance and its tradeoffs.,"An auxiliary structure, commonly a B-tree, lets the database locate matching rows directly instead of scanning the entire table row by row. This significantly speeds up reads, but every write now also has to update that structure, which slows writes down and uses additional storage.","[{""term"": ""B-tree"", ""tier"": ""critical"", ""aliases"": [""btree"", ""b tree""]}, {""term"": ""write overhead"", ""tier"": ""supporting"", ""aliases"": [""write penalty"", ""write cost""]}, {""term"": ""read vs write tradeoff"", ""tier"": ""supporting"", ""aliases"": []}, {""term"": ""composite index"", ""tier"": ""supporting"", ""aliases"": []}]",0.7
72,SQL,"What is the difference between optimistic and pessimistic locking, and when would you use each?","One locks a resource as soon as it's about to be modified, blocking other transactions from touching it until the lock releases - safer under high contention but reduces concurrency since operations queue up. The other lets multiple transactions proceed concurrently without locking anything up front, instead checking for conflicts at commit time, often via a version column that's compared and incremented on each update. The latter fits low-contention workloads well since it avoids locking overhead, while the former is preferable when conflicts are frequent and retries would be costly.","[{""term"": ""optimistic locking"", ""tier"": ""critical"", ""aliases"": [""optimistic concurrency control""]}, {""term"": ""version column"", ""tier"": ""supporting"", ""aliases"": [""version number"", ""row version""]}, {""term"": ""concurrency"", ""tier"": ""supporting"", ""aliases"": [""concurrent execution""]}, {""term"": ""conflict detection"", ""tier"": ""supporting"", ""aliases"": []}, {""term"": ""deadlock"", ""tier"": ""supporting"", ""aliases"": []}]",0.8
73,SQL,How would you design a database schema and query strategy to efficiently support full-text search on millions of rows?,"Dedicated indexing is the standard approach - either using the database's own capability, like Postgres's GIN index over a tsvector column, or offloading search entirely to a specialized engine like Elasticsearch. Keeping search inside the primary database is simpler and avoids operating a second system, but a dedicated engine typically scales and ranks results better at large volumes. Going with a separate engine means needing a reliable way to keep it in sync with the primary database, such as change data capture or periodic reindexing.","[{""term"": ""GIN index"", ""tier"": ""critical"", ""aliases"": [""generalized inverted index""]}, {""term"": ""tsvector"", ""tier"": ""supporting"", ""aliases"": [""text search vector""]}, {""term"": ""Elasticsearch"", ""tier"": ""supporting"", ""aliases"": [""elastic search""]}, {""term"": ""search engine sync"", ""tier"": ""supporting"", ""aliases"": []}, {""term"": ""ranking relevance"", ""tier"": ""supporting"", ""aliases"": []}]",0.85
74,SQL,How would you design a database schema to handle high write throughput while maintaining consistency?,"Splitting data horizontally across multiple database instances distributes writes rather than sending them all to one machine. Denormalizing the schema reduces the number of joins needed, speeding up both reads and writes at the cost of some redundancy. Batching multiple writes into fewer round trips reduces overhead, and choosing a lighter isolation level, or accepting eventual consistency where strict consistency isn't actually required, reduces the coordination cost of concurrent writes.","[{""term"": ""sharding"", ""tier"": ""critical"", ""aliases"": [""horizontal partitioning"", ""database sharding""]}, {""term"": ""denormalization"", ""tier"": ""supporting"", ""aliases"": [""denormalizing""]}, {""term"": ""isolation level"", ""tier"": ""supporting"", ""aliases"": [""transaction isolation level""]}, {""term"": ""eventual consistency"", ""tier"": ""supporting"", ""aliases"": []}, {""term"": ""write-ahead log"", ""tier"": ""supporting"", ""aliases"": []}]",0.9
75,SQL,Design a database architecture for a system requiring both strong consistency for financial transactions and high read throughput for reporting and analytics.,"A common design separates two systems: a normalized, ACID-compliant store handling the transactions with the correctness guarantees they require, and a separate, denormalized warehouse or set of read replicas optimized for the heavy read patterns of reporting and analytics. Change data capture or ETL pipelines keep the second system in sync with the first, while the isolation level on the transactional side is tuned to guarantee correctness without sacrificing more throughput than necessary.","[{""term"": ""OLTP"", ""tier"": ""critical"", ""aliases"": [""online transaction processing""]}, {""term"": ""OLAP"", ""tier"": ""critical"", ""aliases"": [""online analytical processing""]}, {""term"": ""CDC"", ""tier"": ""critical"", ""aliases"": [""change data capture""]}, {""term"": ""ETL"", ""tier"": ""supporting"", ""aliases"": [""extract transform load""]}, {""term"": ""data warehouse"", ""tier"": ""supporting"", ""aliases"": [""warehouse"", ""analytics warehouse""]}, {""term"": ""read replicas"", ""tier"": ""supporting"", ""aliases"": []}, {""term"": ""star schema"", ""tier"": ""supporting"", ""aliases"": []}]",1.0